ID,Name
087bd3bafb6c46978005ff21842919bd,lestatanic
162bda7f10854874aa2678bcc95019f5,Jarad Selner
1bc86110e6c1492f87d243410ce2644f,Harry Atkinson
548e2ca1e96e45c6904e24908b898046,groundbeefy
68df21f58fb348239e61e6dffdd70095,Carly Palicz
72dc3963c08c4c86bb116294efd691d4,Gamb
77d8276c3aa54dbfb8507251fd889746,timber heart
9bb7a6f84baf47d9aaaa374a51b51e0e,breterbie
a279f32e317f4fefa873b60c91048487,Ella
a5a8037c61b041dcbc06cec7b45298ef,mylee
acb3beb7eea8419aa5eb0f86f6c70e9c,Wayne Torrey
b03d73d1614b44b6a6b988282e5fecde,Lupe Balteira
b643a86e41b543948d0ac55c17cbbc79,Jess
d3d51805b25740b198a8871732fe5910,B
dabfe0d311ff4e03a85f9d1056769bdb,mush
e2da4cbaa7ef4014bf4429ee89f716db,WYVMT
e4cd40ede6844e749dc51450e0f4395e,Nick Gelling
ea65eeeafbf649bb88da72b305ecda61,Darian B
f3d015ff364f4f34aec6c51ff8f8dcfd,thebadcarcrash
